Name,Links
🔷Youtube,
1. Node.js Tutorial for Beginners: Learn Node in 1 Hour,https://www.youtube.com/watch?v=TlB_eWDSMt4
2. Node.js Crash Course Tutorial,https://www.youtube.com/playlist?list=PL4cUxeGkcC9jsz4LDYc6kv3ymONOKxwBU
3. Node.js Ultimate Beginner’s Guide in 7 Easy Steps,https://www.youtube.com/watch?v=ENrzD9HAZK4
4. Learn Node.js - Full Tutorial for Beginners,https://www.youtube.com/watch?v=RLtyhwFtXQA
5. Node JS Full Course - Learn Node.js in 7 Hours | Node.js Tutorial for Beginners | Edureka,https://www.youtube.com/watch?v=JnvKXcSI7yk
6. Node.js Tutorial For Absolute Beginners,https://www.youtube.com/watch?v=U8XF6AFGqlc
7. Node.js Crash Course for Beginners Tutorial - Learn Node Basics in 30 Minutes!,https://www.youtube.com/watch?v=2LUdnb-mls0
8. Advanced Node.js Crash Course | New Year Gift!,https://www.youtube.com/watch?v=qG-PLm3APSs
,